original_index,frame.time_epoch,frame.len,direction,time_interval,protocol_type,payload,label,cluster
0,1556249631.519199,135,0,0.0011417865753173,tcp,1703030040fa4eb307db1b77948ec1bdacef3f1de13ed5381205fb80c9e9d5a3e9c4d0e444275435ee0fd23bb47fa28350d33061ff4f2b88730ec8ec33588189d6b57eabb1,192.168.20.105_36776_3.121.70.57_443_6,0
1,1556249631.56679,135,0,0.0341629981994628,tcp,1703030040887fc8799fa2458468015495dcf15588344dd2a92963533e9efb1752e4fcda713d700b3c0463e682512670d267b3ad64c5830521874af8b13fcdf0f3e252368c,192.168.20.105_36776_3.121.70.57_443_6,0
2,1556245161.586012,135,0,0.0,tcp,1703030040b7342bdfcab63b0e3a44cceebcc66dc5d8bffa05ab09187f1be5ecb69568fd3cb3730f5beb58d3bac9ef10a95e4933685429f98037d60d2d9c5a23260c22af8f,192.168.20.105_36776_3.121.70.57_443_6,0
3,1556245161.642266,135,0,0.0012059211730957,tcp,1703030040b870d82c320b971e300155bc4778430097756b1ed1f3b93e21117154c5a6b081e344a04e478e7317a24a2565d21ffb84312e9cc48f54f8f55fbadcc02437ac19,192.168.20.105_36776_3.121.70.57_443_6,0
4,1556245161.671422,135,0,0.0156679153442382,tcp,1703030040b005f6f4bc9ef0ef9d70fbdc476eb4985d1acf194492ededbd40ca98e7fd3c17024adb5c487e2d92c4017be6bf31e117bd18459024cb01fcab7c200e551fa79d,192.168.20.105_36776_3.121.70.57_443_6,0
5,1556229771.488885,135,0,0.0,tcp,17030300406094d10ac05cc435eedeb98539fb73595a4d18b43022fefb9c31f24afc711d6527c155efc2ca3a7adae7a6a87f023a5ab0073b0087fdc0a874c02160a9be7a9c,192.168.20.105_36776_3.121.70.57_443_6,0
6,1556229771.503493,135,0,0.0010609626770019,tcp,1703030040f28cc96145e5bbd26c6ec086ac96d179691e8f04b8a15b64a7314a05b8e7f78231a858f7b845f3f05936531ffa4bbcc9695bf3409b5d90ba869aae894a539146,192.168.20.105_36776_3.121.70.57_443_6,0
7,1556229771.579826,135,0,0.0629410743713378,tcp,1703030040afc7cd76d1c677f47fb81e08145865bda71711fe47078277f6975ae7950dfff2c0aa4a65268032cfb5c56816bcd8fbf8376d877529f4bc6a83659a691e82ff40,192.168.20.105_36776_3.121.70.57_443_6,0
8,1556229801.445098,135,0,29.86388182640076,tcp,1703030040dc938124e7072c10a183098b946f8fae63a0eeb9943dc5a8823d517dc2ba27a6a67637badf565aca0804be27fc1401747a4cc39f21db8f0f63c2d2a441b801d1,192.168.20.105_36776_3.121.70.57_443_6,0
9,1556229801.459674,135,0,0.0010578632354736,tcp,170303004042d0f64b1287554dccfea6357101493e96670f48fdccc4045677d29c809d8b4c4dd1d4688c946b926071130e81e8c71b8ea55c0e80b605dbb45648185c914816,192.168.20.105_36776_3.121.70.57_443_6,0
10,1556259891.642883,135,0,0.0,tcp,170303004050647a1b972eaed40c68c3c45414332cf5b0c9cca133a4bc443d96fcaba46c13fbf4007cd573eb614c18357c66fd38fbbfcb24a089d604dcea5cc47576f84980,192.168.20.105_36776_3.121.70.57_443_6,0
11,1556259891.698717,135,0,0.001500129699707,tcp,17030300401e16d5600e9bef2fa5f793fb425e273d31c5913e7018feac2ee189a3d579efb04afd91e241fa4f57a108195015d13d3731943842e43c18692fbd602d471f7f15,192.168.20.105_36776_3.121.70.57_443_6,0
12,1556259892.078834,135,0,0.3665871620178222,tcp,1703030040068409e6142ae610afdff521ac343036e20d9682bee921ac2eefd5d8819415cd75b4149f2b301c67c9b872ba3084d24dc26526642548e986e8cf26702f3ec01e,192.168.20.105_36776_3.121.70.57_443_6,0
13,1556244771.569021,135,0,0.0,tcp,17030300403b378230deab9ab75c7cfa526459d9d6e5d317eff985e873147ed03b88faf5825f2030bf2234fde2a8e68305b075e7d1bf8214bd38566a65ed7ce387b1a8f497,192.168.20.105_36776_3.121.70.57_443_6,0
14,1556244771.625059,135,0,0.0012848377227783,tcp,170303004052efee4c9d3d7469b437d154e47eda4cbfd9675f1673ff943c0f510e476201bef501e629a9fc38e8c4bb4b6bc09bd1d1df4fe67da33241859df0aa15a38a78eb,192.168.20.105_36776_3.121.70.57_443_6,0
15,1556244771.647733,135,0,0.0091979503631591,tcp,170303004036bded28d2f063e3b250840867926c421ae9bc3737ba538d2abdfe79ed498d60cd8ef23bd787059ff2bad76a5a6723ce27e592ff1bc91151a5ed6a1a6f218b70,192.168.20.105_36776_3.121.70.57_443_6,0
16,1556259141.650663,135,0,0.0,tcp,1703030040c7ed0a9d6c84761bb1c06dd1f919ac5f8dcd8204c85f0055c8c4de8d64a5b11e901b0a183d9dfd0cce01af2e491fa7b359a8f9934a67f8e43fba546e7f58d8b8,192.168.20.105_36776_3.121.70.57_443_6,0
17,1556259141.707709,135,0,0.0010530948638916,tcp,17030300403be8cc55d256485fd69b48d582f4901c2e92456e788e5b084a7b36032bf8be2e063abeea8fc408bb8195277bd6484157dcedb6e472f55a977f7c75d47296d450,192.168.20.105_36776_3.121.70.57_443_6,0
18,1556259141.745898,135,0,0.0246870517730712,tcp,17030300405fa9b852729ee5c9cc209ab54f061205702578455e848357fc420a6bbf4be1a3612dbf19f4ba5249b36dd359542bfd38d6ba1f0c4b377841c5a99007b2620257,192.168.20.105_36776_3.121.70.57_443_6,0
19,1556238081.595005,135,0,0.0,tcp,1703030040293da79da94e1d83233658a6801b7a0d60419108c73ed8fb807763bae0aa29c24cc5f1d7b96b1ca75abd3012b2679762d9cfb665a64143a3a7bc5755e916d5bd,192.168.20.105_36776_3.121.70.57_443_6,0
20,1556238081.653906,135,0,0.0011260509490966,tcp,1703030040f7c31a080ebc216e67090a8dec661d766f20fdea84a9c0f15ac209037e25f45950e5650ca621bbedb43f59024e7b31239929938c755a02e418bd7be1d055a595,192.168.20.105_36776_3.121.70.57_443_6,0
21,1556238081.693981,135,0,0.0244669914245605,tcp,1703030040698742c7982e8f6dfd276257fbfb7f1f32acbe6aab7c473a41a1f038a5e0c060f1789fe71e266b4385c477ff3828ed8e67824163e4edebe30926c30535219465,192.168.20.105_36776_3.121.70.57_443_6,0
22,1556248191.565064,135,0,0.0,tcp,1703030040122d9d8fa1ab891321d1c702a6380a097f89bca372dde3480f551025382147dff8c88c002435b203cfa25b4eecd14a164748c1ed745143fa9711ee885dbc32b3,192.168.20.105_36776_3.121.70.57_443_6,0
23,1556248191.622974,135,0,0.0023648738861083,tcp,1703030040cf8af33c47cbdc78a308d736cb05b103292bcaef45131b99dd29f0ddde9fc259fa85b20ac8a5584ef63ae4db7a0909a0810473360704182ae47341add5a8f211,192.168.20.105_36776_3.121.70.57_443_6,0
24,1556248191.666208,135,0,0.0299770832061767,tcp,1703030040c4732621891ed6a49e7f95449413c30c8bb6fd5db47d161425d79ecb01d53373184f95b2617944c6454a4b1d4bce3ecec8d089602c6afe929b8f521c5a767bda,192.168.20.105_36776_3.121.70.57_443_6,0
25,1556246841.56833,135,0,0.0,tcp,170303004033a15e7dc1496a565064ca21d20d49d590edc43bbc969dc7711c23c2adee3e703813227ca8d6a1076efe2ae4b84d8d8171a3657f594c7adf582542a7b402efa6,192.168.20.105_36776_3.121.70.57_443_6,0
26,1556246841.624584,135,0,0.001173973083496,tcp,1703030040c37d8b61ee09df88221a470e2498a73dbea69c2ed20dd755dfa2bca813fb1c75058131509da618ea97ee3648c8621cda96176392336c2b021a8da46413d51d64,192.168.20.105_36776_3.121.70.57_443_6,0
27,1556246841.679391,135,0,0.0412728786468505,tcp,1703030040736f2bdf4b5473717e4e5594e2baa39a3da2fb9197ea96977faec805c07d9f1e3192948619fbe1643c5d53228e7d9b5d5e0110a1b4503325cb6033a2a6ed3454,192.168.20.105_36776_3.121.70.57_443_6,0
28,1556260431.604711,135,0,0.0,tcp,1703030040fcf4b14faffa9b29e3f2e7a5b28035729d3224a3ae543e5ef0acbb013e3b81dad1fd917531b225d65ff719fab8d460095cae991c36c5b4fe272315d79e3125d2,192.168.20.105_36776_3.121.70.57_443_6,0
29,1556260431.660907,135,0,0.0020449161529541,tcp,1703030040cb4ea73f140bbf356790747bdb14c3a23aaf72c4e3e28b255109bbca219780d017ea1354bd5c32200e8151af5f5e0b5cf062950f1e67a05dd78b7137eba46c74,192.168.20.105_36776_3.121.70.57_443_6,0
30,1556260431.71374,135,0,0.0393681526184082,tcp,17030300401f941e751f148034cd45998db4edaf8a9b32023f811f23b091dbcb3e06519129bfab7f4119a20db44e9dbe51b1edcb6865c44ace4a74538d102164947c63b108,192.168.20.105_36776_3.121.70.57_443_6,0
31,1556251311.486207,135,0,0.0,tcp,170303004026bf2bc66639e5e61596313bcf82cf19f2e35ac3cf92dfd88a8d16d46a317bda6d6fd0cce9eda9de478b903cba634681f8ebbba604afbdc44e959d9259cf1513,192.168.20.105_36776_3.121.70.57_443_6,0
32,1556251311.50109,135,0,0.0013849735260009,tcp,1703030040c091666e70dfa7bbeb8d568bb7dd1d72e3ba5f3d50015c9f2781f52bcf5a7fd2456de56d5636c723c95162786e620bd43fd6cf5fe8edfe37dc3880017d127c5f,192.168.20.105_36776_3.121.70.57_443_6,0
33,1556251311.551287,135,0,0.0368039608001709,tcp,1703030040c58ba32cb0cec757ba6f0c5671e6e7e13842d2c071d84d33ba8439d4627aeea444311cec0294f9e6e9e58538e69f64ca675c4ee0087e5d7fab948c3900dc6489,192.168.20.105_36776_3.121.70.57_443_6,0
34,1556253141.560113,135,0,0.0,tcp,1703030040b0a1fd4de97cd024824f574c5109e461a01842bfd064f9d6d763386960b16d6e89bde6197199604f6e7caff0fd115b7cccfd2741dce665de5d4ab252758df2a7,192.168.20.105_36776_3.121.70.57_443_6,0
35,1556253141.619031,135,0,0.0029919147491455,tcp,1703030040c22825b4b143d7cc3175e913865368bf32f4210ec5c051608507d6244457ff3b15ef834c084b3b0a64f5adec7b5d727d7ef08de9530ee5ab32c072ab5d17938b,192.168.20.105_36776_3.121.70.57_443_6,0
36,1556253141.667079,135,0,0.0346500873565673,tcp,170303004086400cddc5df02c31ade807fcc85b6bb1afbfd0cf0ac809d749d879b66396750d40c48c0aae13abdcd1723873ac4cd1127e7308c7133aac64caaec27192c8eee,192.168.20.105_36776_3.121.70.57_443_6,0
37,1556256111.560505,135,0,0.0,tcp,17030300401803aee1d7dcf9868a11a928f3dfa9d38efc6577ede85d8870239d1a712c0f6250598b7bfb17d63205704b1cf8b592569d5b0b97cb17a3c4cdf63f027724a740,192.168.20.105_36776_3.121.70.57_443_6,0
38,1556256111.620883,135,0,0.0011630058288574,tcp,1703030040aac7f3019ce132331f635b9aa2ba2a167d5ae167330327858c5a683517b9e0d3ea39a5ecd0b33b85e479ef3b9b7cbc662b0dde3299e8a3db260454b7e5b90e92,192.168.20.105_36776_3.121.70.57_443_6,0
39,1556256111.658709,135,0,0.0243439674377441,tcp,1703030040289e69f4645cd752fa7264bedc8dadc9230b4c1c7483f965e7abfc73b3dd70fbe55e521bb82e62ed333667b62bf363cefb0611521f771cbf494a8ac372c719c9,192.168.20.105_36776_3.121.70.57_443_6,0
40,1556256112.968517,135,0,1.3087999820709229,tcp,17030300400a3b69236656ede7ec637fba873977788f3cf4ac2eeec34315b1c9419d3297ddac8dd24aa343fbde02a821fee713d5a442a776c3b90f70a7fdf0a87b88262f6e,192.168.20.105_36776_3.121.70.57_443_6,0
41,1556256113.024867,135,0,0.0011141300201416,tcp,17030300407287e3cbbf43eef616ae4c610226e04909b46de5d248cb6cd5f2d664cb67efd8311859ec407e60dabc7f5e5e63e6af540d1b27e3e075957fc43c4492991a925d,192.168.20.105_36776_3.121.70.57_443_6,0
42,1556256113.080735,135,0,0.0424010753631591,tcp,170303004090970627aca6a62890e5d7b218535f6409cd3f0f19890d67589e738f477c8c1976051c622b3d3e27f9ebbd388c533f9cc15b038947acc1fea53276ef22ef802d,192.168.20.105_36776_3.121.70.57_443_6,0
43,1556236071.527881,135,0,0.0,tcp,1703030040adea397f60b3c689ac0ec31d0f6b3db0c2ed44ed9ad6325a328cd6ab0c8e029545972a58f0ed9213d05fe2e38267910237c6ea60e6373241180ae12824e0c1ae,192.168.20.105_36776_3.121.70.57_443_6,0
44,1556236071.546145,135,0,0.0048038959503173,tcp,1703030040fb58e89acae9d8c8f1c24274748da34c668a859de549d812dd33f6cca473f1a7fc7568f579e64c024832ba2e556876eedc04f9ed5a5fffeb76f8f180658676ca,192.168.20.105_36776_3.121.70.57_443_6,0
45,1556236071.561124,135,0,0.0017790794372558,tcp,1703030040149d5bd7bccf9e2008c4110ded7fa8f3d9f6a83433646130a4e88ef38e7a1af7f0ca4dcc307786564632765624548b8c30220a4d21fe04e22cbfa9144e4813f1,192.168.20.105_36776_3.121.70.57_443_6,0
46,1556255901.575273,135,0,0.0,tcp,1703030040c212876944eb41b29adc9c9db1e28408fa2f139dbff071090d5851916165f045bdf99defc0f228bc7b699cb0c300e39bccd1192bc2a135ba42084bd22363e627,192.168.20.105_36776_3.121.70.57_443_6,0
47,1556255901.589884,135,0,0.0011529922485351,tcp,1703030040be25d21e1ca87074832f2fa38bd5464bb6a8cfae5ed6f157c472683d034324f75d535760474a44dd46b444c57dcd9d64e484d565d7f5d14bfd45f2438eaed131,192.168.20.105_36776_3.121.70.57_443_6,0
48,1556255901.616275,135,0,0.0128581523895263,tcp,1703030040e4b9f6bbd6d4c7fadfa1bcfbafb14072a6bef8c5afe4b44f368679c6f0142a708e7f8e1bbc078f3961ae175f2e94e3dfa577f2a85fc46529f2a7af216ac8fdd5,192.168.20.105_36776_3.121.70.57_443_6,0
49,1556254041.602018,135,0,0.0,tcp,1703030040084225e390b510c7667fffb1cfb2b2c7c0d744cb1697b60e3b7680149520c6be6bfee62ebfbcd163ef02bb39add5301b10cdf73a1d625057ebfcd858d9d9d1ce,192.168.20.105_36776_3.121.70.57_443_6,0
50,1556254041.657648,135,0,0.0022141933441162,tcp,1703030040a884d218bf9c8049e28a9a8c7cf1eacfbb768255a552aa3b703c29f9e47582e0b1c94b9f5b0e9981729f4953384d4f6d4e4748fd4ce74f819cd37c00685867b1,192.168.20.105_36776_3.121.70.57_443_6,0
51,1556254041.719806,135,0,0.0485918521881103,tcp,17030300407d3627b0f729bceab9a26f3176fd0cffa394fb799b1b8ec8aec82396a2ddbbf6778f65a247ca3b2bb48e1c0cbf395dcb3b3e8120b7356f598ef7764b68bf7fd4,192.168.20.105_36776_3.121.70.57_443_6,0
52,1556244501.549169,135,0,0.0,tcp,1703030040db2cd873766a0ef1ce17369bdee1d84ae1b1887dedab242311cb2939a436447910ae434d01fb46f7b75e6ca20b06a04a92f1b8b314bf292667bc2d46cda1618f,192.168.20.105_36776_3.121.70.57_443_6,0
53,1556244501.603884,135,0,0.0010590553283691,tcp,1703030040645138be9e239e33a260071a82d52703ea01792c1d733f719b259c68aa2ad55c1f0634375a5ed517ef0e5043c2415b2076b109c16f001f0733adf9e23b2cbb1a,192.168.20.105_36776_3.121.70.57_443_6,0
54,1556244501.635248,135,0,0.0179359912872314,tcp,1703030040fb72551d127e0060ba2edeba1b5080a451a2a4220826e0032d8ae5cca14ede2da479ab7559d7cf23d83fad53323c37481c8152da8bd0f5eee20c543cab92705a,192.168.20.105_36776_3.121.70.57_443_6,0
55,1556252121.568671,135,0,0.0,tcp,17030300407942036d51d2ba101b8da8ebbc72d8dd9fa46652758633f82c8c3ef06dc3c6600230af7f7dc5f0e198b0e9f989e98f93c98788e337094ddabe68e977166bc287,192.168.20.105_36776_3.121.70.57_443_6,0
56,1556252121.625149,135,0,0.0011970996856689,tcp,1703030040755c67da29e3fb481ee09bd4c89457948af15ee6757684075d127c6422b0935512eca64fe51b366f796d6111337d69b1e4b3fbadeb42e982abff64ae01c6ed66,192.168.20.105_36776_3.121.70.57_443_6,0
57,1556252121.662331,135,0,0.0237212181091308,tcp,1703030040f2613578436a21ee0480cef5ecc5c47543900bb2492080460f4dbbc21c939335ac87beb3ffeebb5ad956b570d3530e03fd82e1e3a2310a82ca7b2b8edb94ff40,192.168.20.105_36776_3.121.70.57_443_6,0
58,1556259021.539736,135,0,0.0,tcp,1703030040cbe51c32631251affddc874fa8a4cf342a76a9e680d30c24ee3dcf807ed68d717d02b535b609d2f6c56409724137d3a10da15c27ca8e62a10a49b781b0b3307d,192.168.20.105_36776_3.121.70.57_443_6,0
59,1556259021.554392,135,0,0.0011751651763916,tcp,1703030040c95596f3d09312cf6fedb78425e25e2611f623c59644731c95785925dd8844594da8309551cff0fe71d7eb3935566764fa7be2ed418efd5b017644c1d0232068,192.168.20.105_36776_3.121.70.57_443_6,0
60,1556259021.604358,135,0,0.0365228652954101,tcp,17030300405edb5068b74bcc9eca5620459eeb30a4eb24ceef0e80e2e9285c4587625a392dde35de2cab1479f16db61630e537d3566163cd2efc8a092adc2309e91ba19afe,192.168.20.105_36776_3.121.70.57_443_6,0
61,1556232411.560393,135,0,0.0,tcp,17030300404af2947be680c1b02053605c7da59242a965ba9feb20e050199c4e6c63bdf8e6e5c1cc8c8a7459bc066d460a82fa897ebfce98f6456e65db0743e338691129fd,192.168.20.105_36776_3.121.70.57_443_6,0
62,1556232411.57491,135,0,0.0009779930114746,tcp,17030300407c629d88a70140fc09069d23308e8870090a4a98db9a7b73a79b53e861571b49ce761a1adc2f32523da9713e34fcdf2c412274bdea76290051a522709816fed2,192.168.20.105_36776_3.121.70.57_443_6,0
63,1556232411.612224,135,0,0.0238080024719238,tcp,1703030040aa8c080b35f70a44b0c841256b340fac130f74a0a26c1bf942cd42e356845ebdd8d1dde414e918bc087f2453de34f96fba860c86af71eecdbb69e8b1b747306d,192.168.20.105_36776_3.121.70.57_443_6,0
64,1556235171.488373,135,0,0.0079290866851806,tcp,1703030040da0306c04130a2a7805d301d040933cf2afc72b63f91fdb13cd340ff806d572ed2d68254224061e1eaa182b5601c16f757b4c5a66cc5f33f3ab50e1e8c659030,192.168.20.105_36776_3.121.70.57_443_6,0
65,1556235201.43542,135,0,29.94608497619629,tcp,1703030040812def11aff9df82c3faf1934c0a8c77a8d5d29a258d18371702ca534f91b786b4cf1a52d4425971f16398102e264b10a3fb7d751bc70f870acc19c85076572c,192.168.20.105_36776_3.121.70.57_443_6,0
66,1556243841.538239,135,0,0.0,tcp,1703030040c0c563dbf256bd262ab2733e1b2f053f077c857c84445ab37370074eac228c43c43405e55362fe1c06e454d33aaa97949f2497240125a803a4e2fb49ba5913f2,192.168.20.105_36776_3.121.70.57_443_6,0
67,1556243841.593451,135,0,0.0011911392211914,tcp,17030300400dc26e90a49912e5ad68a36fa8ead1a124e24fb7f1d052065b1e6898cc4e6c60635c52d7a8ba7dc42d174a6df6b8d6862ec74495ab777b4f91c7d33688f5ed70,192.168.20.105_36776_3.121.70.57_443_6,0
68,1556243841.650985,135,0,0.0440568923950195,tcp,17030300402209493ae79039fca3773d93e413637ed3663268bf65329377678adf417c454e7e7affd4960ca56d086b7ab3d8c750acb392502192c8b623b7d5e524be90dc45,192.168.20.105_36776_3.121.70.57_443_6,0
69,1556233851.474651,135,0,0.0,tcp,17030300408f9354470867c78af24ad5d76a47064217846a61f2fb584916ab0579e75e3f5cb038a3317e6cc240f95f4a5f51e55667606220f958aab8b97b337dbe17d68ddd,192.168.20.105_36776_3.121.70.57_443_6,0
70,1556233851.491855,135,0,0.0010819435119628,tcp,1703030040c5377c01482a2853f107a4b12b603b3327c9aa99c8701b269934cc4ecb9b6faa234ee1d07d51b92f159a108531cb1652fdd625da11ef6ce242d7f457a592e2e0,192.168.20.105_36776_3.121.70.57_443_6,0
71,1556233851.523344,135,0,0.0163140296936035,tcp,1703030040ba415c466615dd56d8d3f2941ae62e778639b8f76bd29f7895b3f222cd462518ec4c3d57149455bf554abb4d29c7db5a8692d9aefd3daeb4366e9cf36cc73699,192.168.20.105_36776_3.121.70.57_443_6,0
72,1556233881.400125,135,0,29.87475895881653,tcp,17030300405d791caf19369c8e3c5b344701dd74ad8af451bae1ab02724d2c7849c7c8afddc9a871cdbb870e59cabf5f83cb482fb6df8a681067b4d0f5655463fdfde8c3df,192.168.20.105_36776_3.121.70.57_443_6,0
73,1556233881.455741,135,0,0.0011038780212402,tcp,1703030040d1725eaf6f7e507bd79c42617e72e5b42f771731fdd871a9569284437977223fe571fd04c119d55468f607a858e9290829205ce772aa984c292d344f852fdb5a,192.168.20.105_36776_3.121.70.57_443_6,0
74,1556240451.501388,135,0,0.0159339904785156,tcp,1703030040c8239ea26dbfaefd116197ea86bc75f891ec617d2a7b1cf269e06b767c426fe3195aec4e159866d601c4bfbacf06d800433587d5f60907936ebac34b9069bfd5,192.168.20.105_36776_3.121.70.57_443_6,0
75,1556232231.477628,135,0,0.0,tcp,17030300405886c6accf3eaad92e192502eec2914c18976fb939bb83603054ff80f4d98b64fe5c11b9a32096e55e0a2e75ee2190b62d770c71f855efd9878fd1cd605d6468,192.168.20.105_36776_3.121.70.57_443_6,0
76,1556245341.534398,135,0,0.0,tcp,1703030040180b0692d0abbe62eb9ac2cc7afa0c2ec124f9a519697c1185a004e936e25f947745f242cc1e6c45ce5a737bdabe89869d1f6dd4aa6191a3f764783f6b8c5e87,192.168.20.105_36776_3.121.70.57_443_6,0
77,1556245341.551697,135,0,0.0039501190185546,tcp,17030300407584485055caa5ee36bb79b379cec0f71334a6c9e41f99b37db7319969a7982b62aad752e068e58217e50ba566006950931499647e32d3fac671fd60823cdd8c,192.168.20.105_36776_3.121.70.57_443_6,0
78,1556245341.615011,135,0,0.0497920513153076,tcp,1703030040528ad76e95f28ad017bf975431096cdc5482b78801179ee9c232ff04e337985470d6c867cf59745a4baca347accfce5e28524c3f98810de756378b1d0378c9c8,192.168.20.105_36776_3.121.70.57_443_6,0
79,1556243991.570301,135,0,0.0,tcp,1703030040087a753d65f0020009aba9e0bb34fc6ae52aeeb2a0181bf10e6822ac61a0b3d1f5fa6776d0b6540150883c30cda951d0ccfc928a98a77e8cb6d8d46251b76663,192.168.20.105_36776_3.121.70.57_443_6,0
80,1556243991.626112,135,0,0.0011699199676513,tcp,170303004077f4aed37207358a06409d7df1664a3ee4f6ec030651acacf3a71eb647b490f4db201be84f88bb88c56cd51ae5ba8bebed16830ffd185a3a4b552788aeb11e1d,192.168.20.105_36776_3.121.70.57_443_6,0
81,1556243991.65685,135,0,0.0173931121826171,tcp,17030300409c22a50d608ef32f746a279af45af0f98f3936511da4d1b3b48836eb62fc42d0474a440ba3d47db612ccca212482f8c9455a15051b60a6bd04962bcf23407e08,192.168.20.105_36776_3.121.70.57_443_6,0
82,1556248851.622612,135,0,0.0,tcp,170303004003b17e39095d17234ec1f6173450f8ee696a736294bc20e88159c74528b29af4240d6a3057dc3d264cf737d900b6ee1a6416f43a5770442a8b151a3354100702,192.168.20.105_36776_3.121.70.57_443_6,0
83,1556248851.637212,135,0,0.0010161399841308,tcp,17030300409f2bbbb1b12bb5ef967d1f9d08d2d20e5f3b4d253c6f455a682f34be89869903133bc54f1cdffddb5e20dfa313ef070d59f0edc7093aebef9940b6772d0b0bba,192.168.20.105_36776_3.121.70.57_443_6,0
84,1556248851.658196,135,0,0.0074470043182373,tcp,1703030040e83f0838620d0cb444161af5074acc76a17c15785fd99ffcdb60687be2bb293d056963a630fdedf75a4f553bc5da2b7aea0ad10cd384113c335960a7d5c89891,192.168.20.105_36776_3.121.70.57_443_6,0
85,1556259621.566139,135,0,0.0,tcp,1703030040155ab5f55a506a2c973c01a5a0cd18e4505ff4538cc67110f4f6174c702a9d7d11b030fab366927bbd5adf4c348669040dd4c4337e84d8dbe339451eee2aacbc,192.168.20.105_36776_3.121.70.57_443_6,0
86,1556259621.580281,135,0,0.0006740093231201,tcp,170303004012e6e520705850dfabf96b25d0ff7e45444434f4cde4c31bbc8fc1ede2f2577633ae05b302252c87f771da35e82db20eb2a9dc1e2a38bd7b60a1325775dff283,192.168.20.105_36776_3.121.70.57_443_6,0
87,1556259621.609066,135,0,0.0153179168701171,tcp,170303004042fdde70451a7c8322ef877f5c4e5b3e19807c352e5e94398a7ad14414b1db894415879a37becfc582958eedea64101ca277c1d730db7c459c977d20075a38e8,192.168.20.105_36776_3.121.70.57_443_6,0
88,1556254281.59685,135,0,0.0,tcp,1703030040fe8e8050cb8b65ac45d43b5bb9fe9fd7f89c963c7584f69090ed272e1f0ebbf1a963c03cd859a8776d2c934719bfe145bbf4c883075ad9b60798ae545778961d,192.168.20.105_36776_3.121.70.57_443_6,0
89,1556254281.654698,135,0,0.002234935760498,tcp,1703030040c43d11ab914ea8199c3ebce3caac1a74cd8f7f19463604a9e22a6a9b0e7b8c15ecd2717af36c1a436e2b460c22d04f5250e14920d4444adc85ef6e446661c9a5,192.168.20.105_36776_3.121.70.57_443_6,0
90,1556254281.711399,135,0,0.0431289672851562,tcp,17030300409805337367f163377646a15abf4f054628c8ee04689543b9ae6bdd107fa091b705c84ddd4cd36802ab3b812600a3f84aaff0a04b8cf335140489f773e8937668,192.168.20.105_36776_3.121.70.57_443_6,0
91,1556255631.543328,135,0,0.0,tcp,17030300409ed5185e5715a42ede5eab641ab9393949f8c5aab412f049dc925dabab5ecef7e57a73b48184d5428dd3fb8b034ff3524782d034c6d70f414cc9e79dd4929d79,192.168.20.105_36776_3.121.70.57_443_6,0
92,1556255631.599808,135,0,0.0019459724426269,tcp,170303004034becdd83a069de4af38d4dc50a3fba4b24dafc997bd9ae4b6595186769e33904db336f5a191a48b767fdb3e1482abc14fcd0912734aa59b4bc6763e3cddc13a,192.168.20.105_36776_3.121.70.57_443_6,0
93,1556255631.622727,135,0,0.0093870162963867,tcp,170303004013f37bb1c174181a149f9429d3316342fba89dcdd54e988752ab2532d87df0133794956c5607aec9ea90f8a3dca4fa9a0efc18f311c17be81ccc914b2650aa62,192.168.20.105_36776_3.121.70.57_443_6,0
94,1556240721.578096,135,0,0.0,tcp,1703030040078868c2752393484082deddd766f99b5d8b76bb26f52749554dccb580c36ea3276d2e50c3fec75e2ea16be169bd041fe30f9210bb7889bf5fd2fe1d266f122c,192.168.20.105_36776_3.121.70.57_443_6,0
95,1556240721.634762,135,0,0.001188039779663,tcp,170303004082f4df0ffdff4b6cbdf3f375afac3de262cf7e49b8bf591200a25060ca2ff505703448daa81810fdb33cac19b957d5817b4356f3c1d5855789b86c347187e4a5,192.168.20.105_36776_3.121.70.57_443_6,0
96,1556240721.668445,135,0,0.0202560424804687,tcp,17030300403be29962a5497b3cf3b9fe7483cebb5767351dbfd60ac06f923f407e0a5d4acfd8b60a844bc9dd07e40be56ac9835483cdd96d545f1787a2328e30c82e96ae60,192.168.20.105_36776_3.121.70.57_443_6,0
97,1556235711.517783,135,0,0.0,tcp,170303004064ef9d3ce7a93d6b3900924166f9250ecc40cd03d56b8968d1124fec172834bdce55f6d41eeab485246fb698cd04e44e014ab57e4d46fb8f4152f7a662a4a048,192.168.20.105_36776_3.121.70.57_443_6,0
98,1556235711.578378,135,0,0.0016109943389892,tcp,1703030040de5e0e527886e53870b5cbafa8a89472edbf4f7a69e89e70512d221ace0a1d01fda4f86a00244500e9705dfc7c74e17ae9292d963e790a2b08f38bd1d5e34250,192.168.20.105_36776_3.121.70.57_443_6,0
99,1556235711.637896,135,0,0.0464260578155517,tcp,1703030040812e30529908690d9d49f5379014a91c09dd0dd5e016f04435414f6f36e604cc7a68a74325fee5e67c906848d93437b416c5879f884b4e05dbf7926453af215e,192.168.20.105_36776_3.121.70.57_443_6,0
100,1556255061.529055,135,0,0.0,tcp,17030300408256110bcb26226a0f1937454c312d4699926d955237288794544e22922d6a3bad9314356c668dca32fa8158aefbb51d8ae3ba3ceef9ca97beb0302870188615,192.168.20.105_36776_3.121.70.57_443_6,0
101,1556255061.544118,135,0,0.0014460086822509,tcp,170303004057b67a3a296f7b6105302e2d0a731650adf4b335b6a13bd2974e9992a5f63a34a0a2c6f42dbc8e58a79b1f7570d8822495fd69d67122429c419db7ebadb39bc8,192.168.20.105_36776_3.121.70.57_443_6,0
102,1556255061.563472,135,0,0.0057971477508544,tcp,1703030040c29e0f127bd78b48f17c942cda687621fc7a58cf1fefad7a4d739157813a631e018878122743eb07bb39552480e4a56041507117dc82bc12abf86613e117e956,192.168.20.105_36776_3.121.70.57_443_6,0
103,1556234571.500897,135,0,0.0,tcp,1703030040147b229f4ac65be0f1d6a75a13b96d68754b87edbfcc3fe44e8ab8cf93880e7c13b9d2bed4c5ef4e3de6d368688d34b7ea8a859d142b3d7e81c097cb6dec3b70,192.168.20.105_36776_3.121.70.57_443_6,0
104,1556234571.515484,135,0,0.0011141300201416,tcp,170303004075b5fabebeec678f525459386fdd6fd0aaa2ed64fc9d972ca4aad0a7415c8da28a31d91882489deb5b66e728d5cd7b79af2296c90cc8616153e45512e983458b,192.168.20.105_36776_3.121.70.57_443_6,0
105,1556234571.562729,135,0,0.0339257717132568,tcp,1703030040353038f68d1ac805905c7e0da0b576478b47419c74f3c7ada573e8d07528eacfec0f846dcb1eb2b6ad832f8425328e991f15aea5a5df3bc1871887b7eddbd0eb,192.168.20.105_36776_3.121.70.57_443_6,0
106,1556234601.422474,135,0,29.857460975646973,tcp,1703030040b4f0516cf374ad0a67769bf176dba74fbff1b095214007535d3112692e5b958b8d9add4a18e701f65a493cbafca6a4140eb389f7a2c50e1aef658f20144a67d5,192.168.20.105_36776_3.121.70.57_443_6,0
107,1556241591.508594,135,0,0.0043220520019531,tcp,1703030040e2d3263a202ad59635ac6a65ea62c1f0279aaaa02d06bccfc9eb66ab35b32970b2978915c9d630827aaf0e8da19dd9a4aaf24f1b75ab25ab9d6ca0a0c24a1c12,192.168.20.105_36776_3.121.70.57_443_6,0
108,1556241591.523563,135,0,0.0013928413391113,tcp,17030300400fdfdd5965dbe0df7ed75818b8c6bc1213525daca73ae09659c52b5cd4a44cee4c90615e781d94be6bacaf98974e6caa138a525fa1bb96cb645f2d7f7d3620cd,192.168.20.105_36776_3.121.70.57_443_6,0
109,1556242461.516737,135,0,0.0013608932495117,tcp,1703030040b15f127cd994089e394ee6c5350ff84722419486a61c4347465df5fae27d283122b5c5cf40acdc95ae34a756c574efd827674ee415fe82d078dbe306ffcec03f,192.168.20.105_36776_3.121.70.57_443_6,0
110,1556242461.560672,135,0,0.0262510776519775,tcp,170303004015c48f03cb1c49c5ef711d7dccd17600a4eb829f9551d7eb5a595258295621e968861e5a939121ca69ee493934389af29fef0a24438aedba6c4b8ecc7e51597c,192.168.20.105_36776_3.121.70.57_443_6,0
111,1556253021.559665,135,0,0.0,tcp,17030300402db92429a7821a0636d7698cc932b00cd680fb60dde24d518433de6715d91bc87b05a7424c7384a4c221aa0c144d8b75b0e577a8ed3f4ee25e27c9b786b88670,192.168.20.105_36776_3.121.70.57_443_6,0
112,1556253021.616675,135,0,0.0011589527130126,tcp,1703030040147d80c26207df00f2d5b9d265a4385769033d13b7afdf95193086e62d7e402d8f86882d35bb4e71498f337fda5935e21551d0e27003ba68e58a7898b0470dd1,192.168.20.105_36776_3.121.70.57_443_6,0
113,1556253021.667535,135,0,0.0374021530151367,tcp,1703030040839724ae04095c5aadf595fb413bec813ae8c96698291c019b559b4947a6b5fda2b9985996bf56495da697f5afbc0f68b970f33dceb06d5e6cd1b83a950ca5a8,192.168.20.105_36776_3.121.70.57_443_6,0
114,1556234151.554315,135,0,0.0,tcp,17030300405c307df4fb93e415d2b62f5366f77c3c11286fbeb100b14ced2d80fefe9c6de57c21035c37fe11620781c25cd92435f42e6408f0e9a9e9568e8488903802d6df,192.168.20.105_36776_3.121.70.57_443_6,0
115,1556234151.568813,135,0,0.0010859966278076,tcp,17030300403ad67a5904bb44c07c66672cf2c7af923d80caf2f9c17766616b5086dea2214e8af4ab8000800cba80054117bbe598c5158c103257e8dd0a446bf9ca3d8cf8be,192.168.20.105_36776_3.121.70.57_443_6,0
116,1556234151.59606,135,0,0.0121951103210449,tcp,17030300402c29728a6679ab15dde383574669fec30eea23799e331dd274904e2d0d2c13bc0afc023265e022c20cba5c11cf6a3e692a76e1c2ee8a0a9d34c6392101f12dc4,192.168.20.105_36776_3.121.70.57_443_6,0
117,1556236941.509364,135,0,0.0,tcp,1703030040f8b5e32f21e144db4aa587f5d8ecd4853c179b96f20f3ba6c63b319f6d5240d54ed09f32a30fe392fa0fc7dba132cfddeb9ca88a0240ed6a1e2d736d9b51216c,192.168.20.105_36776_3.121.70.57_443_6,0
118,1556236941.525667,135,0,0.001072883605957,tcp,1703030040dba0c76a38e6d92f3203449972cb2e2f649052216598a423cc36b8298470931b17fc4ffdd5c0c97579b8f660f2a1a9c74fc74d09a5f4bda32a01103c214be6fe,192.168.20.105_36776_3.121.70.57_443_6,0
119,1556236941.559568,135,0,0.0205240249633789,tcp,17030300400bd1e31d6596259f6afb4d492b4ad27a756c7d5208380136dfa0a91f26189dc3052beafa2ec2447fa71ab1ed300b19bba12566ed3846f5d09188381bb9fdf3f8,192.168.20.105_36776_3.121.70.57_443_6,0
120,1556236971.4349,135,0,29.84908699989319,tcp,1703030040c416fc7f4c9c19bc51cc534f628aacd7d49cf4cb40ab0a560754120ba289512fcf2016a3d406bebde331769e6aea5df7aedf4cf1b031b78f10a8482437c8c637,192.168.20.105_36776_3.121.70.57_443_6,0
121,1556254071.629215,135,0,0.0,tcp,1703030040df8460c541c5e10e1aff161d736b512bdcdcd858c878173d512cb4d9dd832720c58dfb35f7287ad850858f21379344f9bf4aac537310e1e01dbb08a7c16513e0,192.168.20.105_36776_3.121.70.57_443_6,0
122,1556254071.647382,135,0,0.0046160221099853,tcp,1703030040e1ffab7f91b0a9ec05c8a74091ab0b12285e7e8796c99c836d69b8d0f77d84d7ac806a1d77f672940c95028f0a1bc3b57eb2f5a44489a73f8e470ddb04aff527,192.168.20.105_36776_3.121.70.57_443_6,0
123,1556254071.693066,135,0,0.0322208404541015,tcp,170303004091cf7044a99bca254adf8ffe3b1d4fb58c545b1652e9362d25c38fe44481a18947b79942d15a626bea700194a5f0b4de05dce1876b65c7a6c998d6c2f150284b,192.168.20.105_36776_3.121.70.57_443_6,0
124,1556232021.480909,135,0,0.0,tcp,170303004051bc6d0899481b68943a35ba273f250e279e2e220182c43d52ecdc4ffd2b05c8d8fe0b1c36d7d3e67cb6a4bb3a84cf0061ec6a8bfc8a2b48b00694e0956772e7,192.168.20.105_36776_3.121.70.57_443_6,0
125,1556232051.449882,135,0,29.96784996986389,tcp,17030300402977200a6537135415036f7188a97b91b3f01bac5d681277b610a38e4e0fbdfd4189f8ea6ee4257995e1ca05f6d4f5d6a445a38bb5b33d0b38f473d3d07d1a83,192.168.20.105_36776_3.121.70.57_443_6,0
126,1556248521.544232,135,0,0.0,tcp,170303004005f1e92108beeb4ae73d50c815d6f177b09e766d5e3bf73475b73f253246c15bc9fbb03f70918b4de81ba2fde3a6d5c2b9705dd97d19a9f9ef0d8de340641a64,192.168.20.105_36776_3.121.70.57_443_6,0
127,1556248521.601524,135,0,0.0036561489105224,tcp,1703030040aae871373ebbc0e641db2aa453bf03cba0ef743151bb502f4e9cf42e4c703401573c9c767abfaa3e14f4781f6c2e00c67cb5480f94249b007610a41153f97981,192.168.20.105_36776_3.121.70.57_443_6,0
128,1556248521.63013,135,0,0.0153300762176513,tcp,1703030040be8f2b27822542af1c6377fad2d531b7323f46550e8b1c0ed8f177a7eba2de184541e32ee0a00985d5730f6919af5903bb640675b7446be8b43338362c3fee51,192.168.20.105_36776_3.121.70.57_443_6,0
129,1556260971.670427,135,0,0.0,tcp,1703030040f31e2d054cfde04423880c0b07235cd9a521a70493f98e2e5af136c65cf3cba9989bd20089e605acf6faf8cf4f9ae0d524d197c4d9842ba68fb01c3395363832,192.168.20.105_36776_3.121.70.57_443_6,0
130,1556260971.727491,135,0,0.0026018619537353,tcp,1703030040cb4bce523dde4bfd34525b894bb245251fb577b2b46728fc5d1f9bd0520ef9489faa20bf8e6d9282fcfe92c6c06ad52e24e2e9ea2f4d9a3054176f99a1825325,192.168.20.105_36776_3.121.70.57_443_6,0
131,1556260971.755503,135,0,0.014650821685791,tcp,170303004093fa6c68828d7ea73eda9673bc0adbbfafcc3621d3fa71437c8d291184104c869317c43cd9545bf7634a8f62d056c21ff0711611ff5385f4eedc8d0661ea8351,192.168.20.105_36776_3.121.70.57_443_6,0
132,1556254731.553051,135,0,0.0,tcp,17030300400b190eff9cc2285faa6289d40ef0bb5468b2012a47b52c9a19803b762894979a34384b8594eb41474408a10386f3a432737579fe381a5ec26f730febdfb9d752,192.168.20.105_36776_3.121.70.57_443_6,0
133,1556254731.611331,135,0,0.0010530948638916,tcp,1703030040f00fd8531caf2a66d4dbdc0bf4932b90f3dacf36bb795a50e65fafafb218a6d24b46b26e9f5121e3c170c764822d23fa82ed8f2bd5bcc933666aadb339425ace,192.168.20.105_36776_3.121.70.57_443_6,0
134,1556254731.640816,135,0,0.0160400867462158,tcp,1703030040a383f706a14fe72f78594ef9fce9a017a8771742ea337e8b9219dffe47833c6fb4e9c16315e392b616bc1066083c2332726ce6595e0f6ed8f6e02c67cb44f413,192.168.20.105_36776_3.121.70.57_443_6,0
135,1556247201.574837,135,0,0.0,tcp,17030300404ede718cafba090b456d4eb96579306912b21fb82fe2e2d70e6f07f1b4fcb36efc49a5617954addf82314a69f72000085c9e67c897364a10195b9fb609b58de4,192.168.20.105_36776_3.121.70.57_443_6,0
136,1556247201.589652,135,0,0.0014700889587402,tcp,17030300405afba45be4f77680fb83b13ca9304f8904b2eafbcd4d491ff9c1607669b0c669bd9a94e7eb20c6d1113e133dee971dcf97bd4ffe3bc461e35cbe7d2bb864dc89,192.168.20.105_36776_3.121.70.57_443_6,0
137,1556247201.617073,135,0,0.0140271186828613,tcp,170303004076c725604ff9359087c9e2e92a73acea5795b5c935d207715f85bdffb6b10082301eb0c46263bddf157a6751282ed2fbcd3e82ace4f7a22b39ea544126c399e9,192.168.20.105_36776_3.121.70.57_443_6,0
138,1556233581.494875,135,0,0.0011608600616455,tcp,17030300404d64537a55207d8fd8511b4676abcdeabdb92a248e37c2aa0f667361241ba6b6d2006af6aa4d4f053916d631977863e1748c4de74658ec46309b120c8a06398e,192.168.20.105_36776_3.121.70.57_443_6,0
139,1556233581.552642,135,0,0.0444061756134033,tcp,17030300406475c0313cbfaa9f0adfccf7e6f25b56900be1e20063b8fef71d2b86c2b256d23b008493cf9bcde6095054f3dff0666c6867842d240d125e8cbf6ad2998bc522,192.168.20.105_36776_3.121.70.57_443_6,0
140,1556233611.457948,135,0,29.90420389175415,tcp,170303004091607ac9e01f5700dfe09dce66686bf8cd9d133aa3387bb1ce80c454312d45dcb43cb9fc8cd51b94d2f1352d1bc05afa6bf4c72714f06038bfc4226b876076a6,192.168.20.105_36776_3.121.70.57_443_6,0
141,1556233611.472849,135,0,0.0015778541564941,tcp,17030300407b98ec04f8487a833aab507f2f3fa4ffd10f2bd0321dec9d17f6c88b1a85c26c38803e282e24b30593c90dcd072912d76c671ab765b6896c1d31424ac61f1716,192.168.20.105_36776_3.121.70.57_443_6,0
142,1556260851.666457,135,0,0.0,tcp,170303004071cc1db6127d3aa09dd91afb83a7dc1e7ecebcdcc08e0504b0155d3bb6418f2481b4d608d56778e4d18cf6214674ecd446c3b044a4550f2058e058d2127b6a2a,192.168.20.105_36776_3.121.70.57_443_6,0
143,1556260851.722235,135,0,0.0018460750579833,tcp,1703030040bc2314610b8dca9e48b1ac41184f58b0587ce5bafe7f81035f51231301774ee5d99ca2cb952a386de5c235b063293b379e0d0f729aa15a7dea1a0aa943282459,192.168.20.105_36776_3.121.70.57_443_6,0
144,1556260851.773103,135,0,0.0375299453735351,tcp,1703030040c69ae12ae7f5107c1a4afc44a7935b51164c67712f77362e93aed8ec82c404343e89fdcd958e5fc0112dfd603fb70813cf53f11636274747df4f841e058aabaa,192.168.20.105_36776_3.121.70.57_443_6,0
145,1556244891.569752,135,0,0.0,tcp,17030300402b73ad61e15a6258515f8286334853dbfb532c3c94dc0b99b6f0b10922905bf4fc662922667e2e294b4b7bfc8f53abe3a23409cf2a60db33ac6d7a83a29e0494,192.168.20.105_36776_3.121.70.57_443_6,0
146,1556244891.585236,135,0,0.0020661354064941,tcp,170303004075bdba4017a050a5b96217e4eaefd33e744d5e38181154ddf774a3cc8b2a9eed3092453930b181fb15201c3a820189fc83d5330f4abe7a7de5d195e3bdf3f0a9,192.168.20.105_36776_3.121.70.57_443_6,0
147,1556244891.652562,135,0,0.053682804107666,tcp,170303004049c452e83d5f7f305d01dbda6c75dc78ad04b6c56fb4d30ece80d5d0c6a7b90a8974f717bb3b74190586feae35bf84767a6903c46cb8e8f2a5220ae2eae10ab2,192.168.20.105_36776_3.121.70.57_443_6,0
148,1556232741.502075,135,0,0.0,tcp,17030300405dbef3db4a0750d90f5022087c3fb55447e491982cc07d51b351da8ba4c63a822b4ae3efd4059b01402d4f3d06dfbadb699e18ec6132f92745fd6c5350a83c3a,192.168.20.105_36776_3.121.70.57_443_6,0
149,1556232741.560452,135,0,0.0017249584197998,tcp,1703030040a9a122785723c53773b61a2efb89457f6a6b2bb161a26bb9c0808bbd888bf9db367ac0ac7dade87799982dde0dd8fadd82f0c8a5eea43c317bf0022da78290a3,192.168.20.105_36776_3.121.70.57_443_6,0
150,1556232741.582363,135,0,0.008408784866333,tcp,1703030040f34c63fef89264b43873976d0f8463dbc92897feeeb2fd0a942ed98559c631ec8d485cb79f492af038d2f8e8b0887d136b3bde6e50c0e0141a12e5fe005eef46,192.168.20.105_36776_3.121.70.57_443_6,0
